run_name,model_path,imgsz,ladder_recall,ladder_precision,person_recall,person_precision,ladder_avg_pred_conf,person_avg_pred_conf,ladder_area_mean,ladder_area_p50,ladder_area_p90,n_images
combined_y11s_960,C:\Users\Jungstershark\Documents\Projects\Capstone\Pyxis-Capstone\datasets\combined\5_weights\combined_y11s_960\best.pt,960,0.7719298245614035,0.676923076923077,0.8541666666666666,0.8292134831460675,0.687047859453238,0.77706194580271,0.10659107006866658,0.05633677542209625,0.2784325182437897,234
combined_y11m_960,C:\Users\Jungstershark\Documents\Projects\Capstone\Pyxis-Capstone\datasets\combined\5_weights\combined_y11m_960\best.pt,960,0.7763157894736842,0.6679245283018868,0.8287037037037037,0.7833698030634574,0.6600877688740784,0.7363344297236896,0.10659107006866658,0.05633677542209625,0.2784325182437897,234
combined_y11s_1280,C:\Users\Jungstershark\Documents\Projects\Capstone\Pyxis-Capstone\datasets\combined\5_weights\combined_y11s_1280\best.pt,1280,0.7807017543859649,0.6846153846153846,0.8333333333333334,0.7982261640798226,0.6891456950169343,0.7678537659528779,0.10659107006866658,0.05633677542209625,0.2784325182437897,234
