run_name,model_path,imgsz,ladder_recall,ladder_precision,person_recall,person_precision,ladder_avg_pred_conf,person_avg_pred_conf,ladder_area_mean,ladder_area_p50,ladder_area_p90,n_images
sg_y11s_t0_960,C:\Users\Jungstershark\Documents\Projects\Capstone\Pyxis-Capstone\datasets\singapore_river\5_weights\sg_y11s_t0_960\best.pt,960,0.9487179487179487,1.0,0.88,0.88,0.8100729874662451,0.8897220420837403,0.3266534995676943,0.31133341789245605,0.6624771356582642,39
sg_y11m_t0_960,C:\Users\Jungstershark\Documents\Projects\Capstone\Pyxis-Capstone\datasets\singapore_river\5_weights\sg_y11m_t0_960\best.pt,960,0.9487179487179487,0.9487179487179487,0.88,0.88,0.7823115380910727,0.8640306627750397,0.3266534995676943,0.31133341789245605,0.6624771356582642,39
sg_y11s_t0_1280,C:\Users\Jungstershark\Documents\Projects\Capstone\Pyxis-Capstone\datasets\singapore_river\5_weights\sg_y11s_t0_1280\best.pt,1280,0.9487179487179487,0.7872340425531915,0.88,0.8148148148148148,0.6754542475051069,0.7758754116517527,0.3266534995676943,0.31133341789245605,0.6624771356582642,39
