run_name,model_path,imgsz,ladder_recall,ladder_precision,person_recall,person_precision,ladder_avg_pred_conf,person_avg_pred_conf,ladder_area_mean,ladder_area_p50,ladder_area_p90,n_images
y11n_t0_960,weights\y11n_t0_960\best.pt,960,0.7513227513227513,0.6543778801843319,0.85995085995086,0.7847533632286996,0.6496086616395256,0.689963016542084,0.06118136239426405,0.04210624843835831,0.1497807651758194,195
y11s_t0_960,weights\y11s_t0_960\best.pt,960,0.7513227513227513,0.6729857819905213,0.8624078624078624,0.7941176470588235,0.5952772317339459,0.7145925286938163,0.06118136239426405,0.04210624843835831,0.1497807651758194,195
y11m_t0_960,weights\y11m_t0_960\best.pt,960,0.7883597883597884,0.6008064516129032,0.8501228501228502,0.7828054298642534,0.6179564519514961,0.7255080495349961,0.06118136239426405,0.04210624843835831,0.1497807651758194,195
y11l_t0_960,weights\y11l_t0_960\best.pt,960,0.7142857142857143,0.5601659751037344,0.8722358722358723,0.7751091703056768,0.5638437928995156,0.69038288861383,0.06118136239426405,0.04210624843835831,0.1497807651758194,195
y11x_t0_960,weights\y11x_t0_960\best.pt,960,0.7513227513227513,0.568,0.8353808353808354,0.7852193995381063,0.5687102345228195,0.6800763017173177,0.06118136239426405,0.04210624843835831,0.1497807651758194,195
