run_name,model_weight,imgsz,conf,match_iou,ladder_recall,ladder_precision,person_recall,person_precision,ladder_avg_pred_conf,person_avg_pred_conf,ladder_area_mean,ladder_area_p50,ladder_area_p90,n_images
yoloe-11s-seg,yoloe-11s-seg.pt,960,0.25,0.5,0.1746031746031746,0.44,0.5528255528255528,0.8754863813229572,0.4049791920185089,0.5886872561525278,0.06118136239426405,0.04210624876413327,0.14978079835991076,195
yoloe-11m-seg,yoloe-11m-seg.pt,960,0.25,0.5,0.19576719576719576,0.3394495412844037,0.6437346437346437,0.8762541806020067,0.4401370768153339,0.5866711629074951,0.06118136239426405,0.04210624876413327,0.14978079835991076,195
yoloe-11l-seg,yoloe-11l-seg.pt,960,0.25,0.5,0.17989417989417988,0.3269230769230769,0.6953316953316954,0.8549848942598187,0.4423822625898398,0.5920568901786631,0.06118136239426405,0.04210624876413327,0.14978079835991076,195
