run_name,model_weight,imgsz,conf,match_iou,ladder_recall,ladder_precision,person_recall,person_precision,ladder_avg_pred_conf,person_avg_pred_conf,ladder_area_mean,ladder_area_p50,ladder_area_p90,n_images
yoloe-11s-seg,yoloe-11s-seg.pt,960,0.25,0.5,0.21164021164021163,0.39215686274509803,0.5110565110565111,0.9043478260869565,0.4063471316122541,0.6023316770792008,0.06118136239426405,0.04210624876413327,0.14978079835991076,195
yoloe-11m-seg,yoloe-11m-seg.pt,960,0.25,0.5,0.31216931216931215,0.36645962732919257,0.5257985257985258,0.8991596638655462,0.4363970675083421,0.6514813606979466,0.06118136239426405,0.04210624876413327,0.14978079835991076,195
yoloe-11l-seg,yoloe-11l-seg.pt,960,0.25,0.5,0.20105820105820105,0.34234234234234234,0.6388206388206388,0.9187279151943463,0.4326420791514285,0.6044750749643616,0.06118136239426405,0.04210624876413327,0.14978079835991076,195
