run_name,model_path,imgsz,ladder_recall,ladder_precision,person_recall,person_precision,ladder_avg_pred_conf,person_avg_pred_conf,ladder_area_mean,ladder_area_p50,ladder_area_p90,n_images
is_v2_y11s_960,C:\Users\Jungstershark\Documents\Projects\Capstone\Pyxis-Capstone\datasets\internet_scraped\5_weights\is_v2_y11s_960\best.pt,960,0.7619047619047619,0.676056338028169,0.8427518427518428,0.8166666666666667,0.6309843192078138,0.7433946683293298,0.06118136239426405,0.04210624843835831,0.1497807651758194,195
is_v2_y11m_960,C:\Users\Jungstershark\Documents\Projects\Capstone\Pyxis-Capstone\datasets\internet_scraped\5_weights\is_v2_y11m_960\best.pt,960,0.7407407407407407,0.6086956521739131,0.8058968058968059,0.7828162291169452,0.6039827692767848,0.7200572140746014,0.06118136239426405,0.04210624843835831,0.1497807651758194,195
is_v2_y11s_1280,C:\Users\Jungstershark\Documents\Projects\Capstone\Pyxis-Capstone\datasets\internet_scraped\5_weights\is_v2_y11s_1280\best.pt,1280,0.7248677248677249,0.6061946902654868,0.8427518427518428,0.7976744186046512,0.6296455392004114,0.7209848403930664,0.06118136239426405,0.04210624843835831,0.1497807651758194,195
