run_name,model_path,imgsz,ladder_recall,ladder_precision,person_recall,person_precision,ladder_avg_pred_conf,person_avg_pred_conf,ladder_area_mean,ladder_area_p50,ladder_area_p90,n_images
y11s_t1_960,weights\y11s_t1_960\best.pt,960,0.7619047619047619,0.6153846153846154,0.8452088452088452,0.7908045977011494,0.608475828400025,0.7245808606860281,0.06118136239426405,0.04210624843835831,0.1497807651758194,195
y11m_t1_960,weights\y11m_t1_960\best.pt,960,0.7513227513227513,0.6255506607929515,0.855036855036855,0.7733333333333333,0.5810614426493119,0.7019740031162898,0.06118136239426405,0.04210624843835831,0.1497807651758194,195
y11s_t2_960,weights\y11s_t2_960\best.pt,960,0.7407407407407407,0.6481481481481481,0.8673218673218673,0.7897091722595079,0.6135575078703739,0.6958010883405972,0.06118136239426405,0.04210624843835831,0.1497807651758194,195
y11m_t2_960,weights\y11m_t2_960\best.pt,960,0.746031746031746,0.6682464454976303,0.8452088452088452,0.7835990888382688,0.5962525309544604,0.7006585786038488,0.06118136239426405,0.04210624843835831,0.1497807651758194,195
